Epoch,Loss,Accuracy,Precision 0,Precision 1,Recall 0,Recall 1,F1 0,F1 1
1,0.4475253224372864,0.8388349413871765,0.9066918350729144,0.3271905424200278,0.9267932808716707,0.27180820335066436,0.9166323666978485,0.2969390975071
2,0.3802729547023773,0.9359223246574402,0.921750167998208,0.4395109395109395,0.9340950363196125,0.3945696129404968,0.9278815438385509,0.4158295281582952
3,0.26464322209358215,0.9533980488777161,0.9314406194336399,0.6607966457023061,0.9693931598062954,0.45522819179664936,0.9500380044863832,0.5390798700188131
4,0.2961046099662781,0.9320388436317444,0.9378419062304952,0.6657884832517877,0.9664043583535109,0.5109763142692085,0.9519089232145187,0.5781990521327014
5,0.3250993490219116,0.9067960977554321,0.9381713484182939,0.6375312165536925,0.9615617433414043,0.5161756210283074,0.9497225491844627,0.5704708699122107
6,0.2805487811565399,0.9339805841445923,0.953945646891705,0.7095132039452752,0.9654585351089588,0.6441363373772386,0.9596675629430457,0.6752460257380772
7,0.24626755714416504,0.9436893463134766,0.9575169520098903,0.7272727272727273,0.9669718523002422,0.6724436741767764,0.9622211764705882,0.6987843313822603
8,0.2660151720046997,0.9359223246574402,0.9594659923394444,0.7898767898767899,0.9761274213075061,0.6851530906990179,0.9677249967181142,0.7337973704563031
9,0.2729482054710388,0.9456310868263245,0.9605916850323111,0.7707332692923471,0.972911622276029,0.69526285384171,0.9667124034358965,0.7310554290053151
10,0.24429626762866974,0.9514563083648682,0.9621015392721388,0.7387902497743003,0.9671610169491526,0.7091276718659735,0.9646246438880819,0.7236551215917465
11,0.27655526995658875,0.9378640651702881,0.9585521170818903,0.7724432752384084,0.9738196125907991,0.6785095320623917,0.9661255512808483,0.7224357988620637
12,0.2255357950925827,0.9495145678520203,0.9610116702315283,0.7466872110939907,0.9689013317191283,0.6998844598497979,0.9649403741451744,0.7225287013567915
13,0.21728847920894623,0.9495145678520203,0.9630760068488052,0.8157199471598415,0.978889225181598,0.7134604274985558,0.9709182333295808,0.761171032357473
14,0.4173116981983185,0.9281553626060486,0.9580201443174985,0.7136335970785149,0.9643992130750605,0.6773541305603697,0.9611990950226244,0.6950207468879668
15,0.6193593144416809,0.8427184224128723,0.9489326703802011,0.6664546899841017,0.9603132566585957,0.6054303870595031,0.9545890449596661,0.6344785833207204
16,2.3630282878875732,0.9223300814628601,0.9435340352958623,0.663586584531143,0.9628102300242131,0.5600808781051415,0.953074676054228,0.6074561403508771
17,0.3217014670372009,0.939805805683136,0.9489451159996997,0.6455773955773956,0.956340799031477,0.607163489312536,0.9526286037309213,0.6257814825841024
18,0.25302326679229736,0.9514563083648682,0.9494781256939818,0.7291376912378303,0.9705281476997578,0.6057192374350087,0.959887745556595,0.6617229409908489
19,0.26071178913116455,0.9378640651702881,0.9560594795539034,0.7615230460921844,0.9729872881355932,0.658578856152513,0.9644491112277808,0.7063197026022304
20,0.2280852496623993,0.9475728273391724,0.9578230279566691,0.7683932695480039,0.9734412832929782,0.6727325245522819,0.9655690027207056,0.7173879562605884
21,0.39576616883277893,0.9378640651702881,0.9575499850790808,0.7530784186649384,0.9711713075060533,0.6712882726747544,0.964312546957175,0.7098350641417226
22,0.35841110348701477,0.924271821975708,0.952336691824367,0.7273940607273941,0.9690904963680388,0.6296938186019642,0.9606405520448537,0.6750270939773959
23,0.25741341710090637,0.9456310868263245,0.959156982175554,0.7561442706670922,0.9710956416464891,0.6842865395725014,0.9650893914612824,0.7184230477634571
24,0.28606587648391724,0.9417475461959839,0.9602016053761434,0.7706658089417819,0.9730251210653753,0.6920854997111496,0.9665708326286713,0.7292649520620911
25,0.2589785158634186,0.9417475461959839,0.9604948422783675,0.7664117272147865,0.9722684624697336,0.694685153090699,0.9663457922839739,0.7287878787878788
26,0.26083940267562866,0.9436893463134766,0.9636818334515322,0.8021269738962294,0.9767705811138014,0.71894858463316,0.9701820641452004,0.7582635186595582
27,0.24018284678459167,0.9417475461959839,0.9636974789915966,0.7983327989740301,0.9762030871670703,0.7192374350086655,0.9699099742515084,0.7567239021425315
28,0.23439417779445648,0.9495145678520203,0.9623429402333992,0.7979173446143834,0.9765057506053268,0.7082611207394569,0.9693726175051172,0.7504208110175976
29,0.2273721843957901,0.955339789390564,0.9635636608243955,0.7933014354066986,0.9754842615012107,0.7183708838821491,0.9694873192833374,0.7539790814006367
30,0.24098968505859375,0.9436893463134766,0.9627188081936685,0.8084756898817346,0.977943401937046,0.7108607741190064,0.9702713862092264,0.7565324316015986
31,0.20839324593544006,0.9495145678520203,0.9617041824530124,0.8179676985195155,0.9795323849878934,0.7021952628538417,0.9705364171383589,0.7556729872552067
32,0.261528342962265,0.9378640651702881,0.9611509721550987,0.8070116861435727,0.9781325665859564,0.6981513575967648,0.9695674185745627,0.7486448815239275
33,0.1947665959596634,0.955339789390564,0.9601261127596439,0.8135650988411725,0.9793053874092009,0.6894858463316003,0.9696209169913095,0.7464040025015635
34,0.21406149864196777,0.9572815299034119,0.9636479115295524,0.7957161125319693,0.9758247578692494,0.71894858463316,0.9696981089514644,0.7553869499241274
35,0.25801023840904236,0.9592233300209045,0.9663316019580733,0.8174273858921162,0.9783595641646489,0.7397458116695552,0.972308386441825,0.7766489764973465
36,0.1767035871744156,0.9728155136108398,0.9650638757495623,0.8288998357963875,0.9802890435835351,0.7290583477758521,0.9726168803138079,0.7757799293069002
37,0.20643088221549988,0.9592233300209045,0.9660903264271874,0.8345323741007195,0.9808565375302664,0.7371461582900057,0.9734174363595405,0.7828220858895705
38,0.241984024643898,0.9475728273391724,0.9638388201996126,0.8188691650230112,0.9791540556900726,0.719526285384171,0.9714360783724946,0.765990159901599
39,0.21683309972286224,0.955339789390564,0.965193659339016,0.8045136681500318,0.9767327481840193,0.7310803004043905,0.9709289206468597,0.7660411622276028
40,0.2136232554912567,0.9533980488777161,0.9667630600518271,0.7887970615243343,0.9738952784503632,0.744367417677643,0.9703160632503439,0.7659384752563531
41,0.18897798657417297,0.9631068110466003,0.9649712450519082,0.810012836970475,0.9776029055690073,0.7290583477758521,0.9712460063897763,0.7674065065369414
42,0.1838250309228897,0.9611650705337524,0.9658921656240691,0.8380513495720869,0.9813861985472155,0.7354130560369728,0.9735775409097734,0.7833846153846155
43,0.2050459086894989,0.9592233300209045,0.9674705552439709,0.8231184503016831,0.9789270581113801,0.7487001733102253,0.9731650901705624,0.7841476327333233
44,0.19355757534503937,0.9611650705337524,0.9645443009629021,0.8103225806451613,0.9777542372881356,0.7255921432697863,0.9711043474993425,0.7656202377323986
45,0.2797001004219055,0.9339805841445923,0.960829407618977,0.8197614991482113,0.9799863801452785,0.6949740034662045,0.9703133486917271,0.7522276066906363
46,0.263808012008667,0.9533980488777161,0.9650548709689502,0.7915492957746478,0.9748032687651331,0.7305025996533796,0.9699045754832395,0.7598017124831004
47,0.19539083540439606,0.955339789390564,0.966965620328849,0.822590938098277,0.9789648910411622,0.7446562680531484,0.972928259888705,0.7816858702243785
48,0.26147621870040894,0.955339789390564,0.966009999253787,0.82503234152652,0.9795323849878934,0.7368573079145003,0.9727241988203029,0.7784559047909674
49,0.2242703139781952,0.9611650705337524,0.9627248401962242,0.8235097119892834,0.9800620460048426,0.7102830733679953,0.9713160854893139,0.7627171215880894
50,0.248196542263031,0.9456310868263245,0.9669430748543254,0.8254324151185137,0.9793810532687651,0.744367417677643,0.9731223216299526,0.7828068043742407
51,0.1754344403743744,0.9572815299034119,0.9640611629896946,0.8278606965174129,0.9803647094430993,0.7209705372616985,0.9721445855451971,0.7707271885132004
52,0.23513802886009216,0.9514563083648682,0.9644637940016373,0.8301324503311258,0.9805917070217918,0.7241478913922588,0.9724608862041797,0.7735266892934278
53,0.17485930025577545,0.9650485515594482,0.9652063775890329,0.8288524590163935,0.980251210653753,0.7302137492778741,0.9726706209174864,0.7764127764127764
54,0.19141925871372223,0.9708737730979919,0.96498531762257,0.8425275827482447,0.9821806900726392,0.7279029462738301,0.9735070779038155,0.7810320781032078
55,0.2186475694179535,0.9592233300209045,0.9669700033704078,0.8085239736759636,0.9768840799031477,0.7452339688041595,0.9719017596687682,0.7755899594168044
56,0.19829639792442322,0.9650485515594482,0.9693187338839269,0.8424242424242424,0.9813105326876513,0.7628538417099943,0.9752777725555074,0.8006669698347734
57,0.15979452431201935,0.9708737730979919,0.9685887368184878,0.8318527918781726,0.9799485472154964,0.75736568457539,0.9742355286418174,0.7928636226186876
58,0.16203370690345764,0.9650485515594482,0.9692705019276117,0.8312873780295876,0.9797215496368039,0.7628538417099943,0.974468005042428,0.795601747251092
59,0.21281935274600983,0.9592233300209045,0.9675506322032001,0.840739539409666,0.9814240314769975,0.7487001733102253,0.9744379542850703,0.7920550038197098
60,0.17007048428058624,0.9786407947540283,0.9693553805382404,0.8511118272639381,0.982521186440678,0.7628538417099943,0.9758938804652124,0.8045696877380045
61,0.18771500885486603,0.9650485515594482,0.9692993964838625,0.8215728940006217,0.9782838983050848,0.7634315424610052,0.9737709239488599,0.7914358436891751
62,0.16940511763095856,0.9708737730979919,0.9687721788502484,0.840858149215498,0.981197033898305,0.7585210860774119,0.9749450218972614,0.7975702353834472
63,0.1799713373184204,0.9728155136108398,0.9657648941316563,0.8414432307183052,0.9818780266343826,0.7342576545349508,0.973754807241347,0.7842048434366806
64,0.11592213809490204,0.984466016292572,0.9689629352302508,0.8269472361809045,0.9791540556900726,0.7605430387059503,0.9740318392232133,0.7923563045440866
65,0.22397449612617493,0.9436893463134766,0.9676650275666816,0.8504918032786886,0.9827481840193705,0.7492778740612362,0.9751482844057362,0.7966830466830468
66,0.203094482421875,0.9631068110466003,0.96609474076837,0.8278210116731517,0.9799107142857143,0.7374350086655113,0.97295368318245,0.7800183318056828
67,0.20525917410850525,0.9572815299034119,0.9666841356592049,0.8088050314465409,0.9769975786924939,0.7429231658001155,0.971813494900839,0.7744655224330022
68,0.18736059963703156,0.9611650705337524,0.9669335319307392,0.8469891411648569,0.9824076876513317,0.7435008665511266,0.9746091917353201,0.7918781725888325
69,0.2092142403125763,0.9611650705337524,0.969975696391849,0.844395046046364,0.9814618644067796,0.768053148469093,0.9756849765876224,0.8044168809559824
70,0.22982078790664673,0.9592233300209045,0.9662544696066746,0.8391332895600788,0.9814618644067796,0.7383015597920277,0.9737987987987987,0.7854947756607252
71,0.24427704513072968,0.9475728273391724,0.9641453647217336,0.7886614173228347,0.9746141041162227,0.7232813402657423,0.9693514703392222,0.7545577821304805
72,0.22001364827156067,0.9378640651702881,0.9632986460781022,0.8037625689263704,0.9771110774818402,0.7157712305025996,0.9701557012189396,0.7572192513368984
73,0.22674943506717682,0.955339789390564,0.9608317214700194,0.8003322259136213,0.9772624092009685,0.695840554592721,0.9689774176607397,0.7444375772558715
74,0.22530542314052582,0.9631068110466003,0.9637326965411739,0.8050436469447139,0.9771867433414043,0.7192374350086655,0.9704130896248568,0.759725400457666
75,0.2572489380836487,0.9475728273391724,0.9645144474232946,0.82587228439763,0.9799863801452785,0.7247255921432698,0.9721888605314518,0.772
76,0.3145526051521301,0.9436893463134766,0.9632782010778665,0.8277015724322516,0.9805160411622276,0.7146158290005777,0.9718206873277461,0.7670128662222911
77,0.20427508652210236,0.9650485515594482,0.9636079482027238,0.8225165562913908,0.9797215496368039,0.7175043327556326,0.9715979439462724,0.7664301141622958
78,0.2403572052717209,0.9572815299034119,0.9605880163751396,0.7946428571428571,0.9765057506053268,0.6941074523396881,0.9684814828711867,0.7409805735430157
79,0.2481052428483963,0.9495145678520203,0.9628414893220528,0.8047665687234737,0.9773759079903148,0.7120161756210283,0.9700542590541277,0.7555555555555555
80,0.1599738895893097,0.9708737730979919,0.9647654128064889,0.8336095459065297,0.9810078692493946,0.7264586943963027,0.9728188485996736,0.7763543756752584
81,0.20804522931575775,0.9592233300209045,0.9618878137396656,0.8332762752482027,0.9815753631961259,0.7030618139803582,0.9716318696751242,0.7626507911640296
82,0.3519211411476135,0.939805805683136,0.9631961259079903,0.811413578222368,0.9782460653753027,0.7146158290005777,0.9706627625429359,0.7599447089540777
83,0.18738213181495667,0.9747572541236877,0.9643866171003718,0.8363393453573814,0.9814618644067796,0.7232813402657423,0.9728493212330309,0.7757125154894671
84,0.21439912915229797,0.9514563083648682,0.9667213236938212,0.8395424836601307,0.9814240314769975,0.7420566146735991,0.9740171967108474,0.7877951548604724
85,0.19880267977714539,0.9572815299034119,0.9678093177664218,0.8424635332252837,0.981613196125908,0.7507221259387638,0.9746623842527375,0.7939514281350237
86,0.22624389827251434,0.9533980488777161,0.967095211477548,0.843085975809088,0.9818401937046005,0.744945118428654,0.9744119248315092,0.790982978070848
87,0.18609869480133057,0.9631068110466003,0.9670055487282613,0.8470897731009537,0.9824076876513317,0.7440785673021375,0.974645772731538,0.7922497308934339
88,0.22894659638404846,0.9631068110466003,0.9674288901282766,0.8622874291430477,0.984375,0.7469670710571924,0.9758283796200798,0.8004952793685188
89,0.2281612753868103,0.955339789390564,0.9671794488835785,0.8300128534704371,0.9799863801452785,0.7461005199306759,0.9735407975344834,0.7858229388500152
90,0.1899758279323578,0.9708737730979919,0.9658141865558071,0.8604808669150017,0.9844128329297821,0.7339688041594454,0.9750248252861934,0.7922057677318785
91,0.2590234875679016,0.9495145678520203,0.9686739773195104,0.8267716535433071,0.9791918886198547,0.7582322357019065,0.9739045361329043,0.7910200391743258
92,0.244592547416687,0.9650485515594482,0.9648639595042245,0.8318467129170796,0.9807430387409201,0.7273252455228192,0.9727387005384717,0.7760826013253198
93,0.20427724719047546,0.9650485515594482,0.9670591742435535,0.843034663178548,0.9818401937046005,0.7446562680531484,0.9743936321994443,0.7907975460122698
94,0.15359742939472198,0.9766990542411804,0.9680059801906186,0.8302007008601465,0.9798350484261501,0.7527440785673022,0.9738845958598906,0.7895773367671565
95,0.18020933866500854,0.9728155136108398,0.966155335468017,0.8409090909090909,0.9817266949152542,0.7374350086655113,0.9738787765059109,0.7857802400738689
96,0.19037915766239166,0.9572815299034119,0.9676565935089615,0.8485443245011449,0.9824833535108959,0.7492778740612362,0.9750136101672643,0.7958275809173186
97,0.23256130516529083,0.9514563083648682,0.9667673716012085,0.8339279922153746,0.9806295399515739,0.74263431542461,0.973649118193941,0.7856378915202444
98,0.15563295781612396,0.968932032585144,0.967695005035998,0.840945902170392,0.9814240314769975,0.7498555748122473,0.9745111666259696,0.7927927927927928
99,0.222542405128479,0.968932032585144,0.9679537399738855,0.842667529944966,0.981613196125908,0.7518775274407856,0.9747356162067735,0.7946878339184857
100,0.18721626698970795,0.9611650705337524,0.9696437249990654,0.8426073131955485,0.9812726997578692,0.7654534950895436,0.9754235535247551,0.802179506583926
101,0.1747969090938568,0.9728155136108398,0.9690621738482182,0.8584474885844748,0.9835805084745762,0.7602541883304448,0.9762673676304919,0.8063725490196078
102,0.2076254040002823,0.9669902920722961,0.9668042080220066,0.8583361176077514,0.9839588377723971,0.7420566146735991,0.975306095663098,0.7959721146398141
103,0.1362844854593277,0.9747572541236877,0.9689313119970054,0.8279333123623781,0.9793053874092009,0.7602541883304448,0.9740907294861423,0.7926517090799579
104,0.24993880093097687,0.9650485515594482,0.9668884072053218,0.8214285714285714,0.9788135593220338,0.7440785673021375,0.9728144388042865,0.7808426795998787
105,0.20650018751621246,0.9669902920722961,0.9686448912474774,0.8364158163265306,0.9805917070217918,0.7576545349508954,0.9745816882872721,0.7950894210366777
106,0.17473401129245758,0.9611650705337524,0.9675329510760294,0.8530961791831357,0.9831265133171913,0.7481224725592144,0.9752674047663726,0.7971683594952294
107,0.2029028981924057,0.9631068110466003,0.9670395227442208,0.8386467143786597,0.9812348668280871,0.7446562680531484,0.9740854803575454,0.7888616891064871
108,0.27216750383377075,0.955339789390564,0.966258930909363,0.8098702942106928,0.9772624092009685,0.7394569612940497,0.9717295213016082,0.7730635663596557
109,0.24690444767475128,0.9592233300209045,0.9663943903621648,0.8306843983133312,0.980251210653753,0.7397458116695552,0.9732734819600698,0.7825821237585945
110,0.44457975029945374,0.9456310868263245,0.9681704541214224,0.84297253634895,0.981613196125908,0.7536106296938186,0.97484548477391,0.7957907579685831
111,0.19830992817878723,0.9631068110466003,0.9673544006267956,0.8369459721772889,0.9809322033898306,0.7472559214326978,0.974095989480605,0.7895620326567985
112,0.26547032594680786,0.9650485515594482,0.9677118327734229,0.8366623711340206,0.9808187046004843,0.7501444251877527,0.9742211867272933,0.7910447761194029
113,0.200137197971344,0.955339789390564,0.9693668146710943,0.8538635628839315,0.9828995157384988,0.7628538417099943,0.9760862622809159,0.8057971014492754
114,0.1746606081724167,0.9708737730979919,0.9673034670241686,0.8497204866820125,0.9827103510895884,0.7463893703061814,0.9749460448531482,0.794710133784407
115,0.1854899525642395,0.9669902920722961,0.9660505329060147,0.8336601307189543,0.9807430387409201,0.7368573079145003,0.9733413434461007,0.7822753756516406
116,0.1900578737258911,0.9592233300209045,0.9661988608867215,0.8426261959749257,0.9819536924939467,0.7377238590410168,0.9740125715357912,0.7866933620822424
117,0.1550247222185135,0.9708737730979919,0.9663781253482929,0.858918374202217,0.9841101694915254,0.7385904101675332,0.9751635457084482,0.7942227053890355
118,0.1577645242214203,0.968932032585144,0.9683007878131651,0.8399228543876567,0.981159200968523,0.7547660311958405,0.9746875880860659,0.7950707439525331
119,0.17312154173851013,0.9728155136108398,0.968406901187542,0.8395378690629012,0.9810835351089588,0.755632582322357,0.9747040030069536,0.7953785345089694
120,0.23251672089099884,0.9650485515594482,0.9678500912714674,0.8518518518518519,0.9828995157384988,0.7507221259387638,0.9753167526982637,0.7980961154613849
121,0.20338761806488037,0.9669902920722961,0.9678563428656761,0.8368725868725869,0.9808187046004843,0.7512998266897747,0.974294411665226,0.7917808219178083
122,0.11532009392976761,0.9805825352668762,0.9692709304493754,0.8567716791165964,0.9833156779661016,0.7619872905834778,0.9762427930212031,0.8066044947255772
123,0.16070009768009186,0.9786407947540283,0.9677071319617545,0.8603648424543947,0.9840723365617433,0.7492778740612362,0.975821125096134,0.8009881117801453
124,0.17983241379261017,0.9708737730979919,0.9678382210282814,0.8408796895213454,0.9813861985472155,0.7510109763142692,0.9745651275500619,0.7934086054317974
125,0.22925254702568054,0.9631068110466003,0.9677971780648524,0.8562479393339928,0.9835048426150121,0.7501444251877527,0.9755877882648754,0.7996920708237105
126,0.3817509710788727,0.955339789390564,0.9673319210614338,0.8647472380314697,0.9847154963680388,0.7461005199306759,0.975946305705019,0.8010544270429525
127,0.1936047524213791,0.9708737730979919,0.9637311487618693,0.8186903586706153,0.9791540556900726,0.7186597342576545,0.9713813875804604,0.7654207045069988
128,0.19061359763145447,0.9592233300209045,0.9630152246565169,0.8319838056680162,0.981159200968523,0.7123050259965338,0.9720025486301114,0.7675070028011205
129,0.22751204669475555,0.955339789390564,0.9640477874130038,0.8251239669421487,0.9799863801452785,0.7209705372616985,0.9719517457458585,0.7695390781563126
130,0.17577975988388062,0.968932032585144,0.9668597048384083,0.8229466283157558,0.9790405569007264,0.743789716926632,0.9729120063161456,0.7813685328478228
131,0.2059408724308014,0.9631068110466003,0.9660141886119674,0.8572871087176035,0.9839588377723971,0.7357019064124783,0.9749039452722332,0.7918545002331727
132,0.19140686094760895,0.955339789390564,0.9641102010424423,0.8233355306526038,0.9797215496368039,0.7215482380127094,0.97185318621932,0.7690886699507389
133,0.1989503651857376,0.9592233300209045,0.9666803477482183,0.8305851923698675,0.9801755447941889,0.7420566146735991,0.9733811733323314,0.7838291380625477
134,0.1995551437139511,0.9708737730979919,0.9649024862289712,0.8324520819563781,0.9808187046004843,0.7276140958983247,0.972795497185741,0.7765104808877928
135,0.20438694953918457,0.9669902920722961,0.965972971966792,0.840092317837125,0.9816510290556901,0.7359907567879839,0.9737488976038129,0.7846035411855273
136,0.33414381742477417,0.9708737730979919,0.9665226781857451,0.8430921052631579,0.9819536924939467,0.7403235124205662,0.9741770821604173,0.7883728083666564
137,0.21242408454418182,0.955339789390564,0.9677105912250542,0.8284438775510204,0.9796458837772397,0.7504332755632582,0.973641661966535,0.7875113670809336
138,0.20563329756259918,0.9592233300209045,0.966865671641791,0.8319327731092437,0.9803268765133172,0.7435008665511266,0.9735497445145777,0.785234899328859
139,0.20392510294914246,0.9669902920722961,0.9657261811828557,0.8486468426328099,0.9828616828087167,0.7336799537839399,0.9742185888661804,0.7869868319132456
140,0.18495480716228485,0.9572815299034119,0.9671219585012688,0.8331181407359587,0.9804403753026635,0.7455228191796649,0.9737356278650334,0.786890243902439
141,0.16319826245307922,0.9669902920722961,0.9675843031930766,0.840246273493195,0.9813483656174334,0.7489890236857308,0.9744177310293013,0.7919975565058033
142,0.19847506284713745,0.9631068110466003,0.9687150003733294,0.8442728442728443,0.9816888619854721,0.7579433853264009,0.9751587808636176,0.7987823439878236
143,0.23545968532562256,0.9533980488777161,0.9662448827688872,0.8449074074074074,0.9822563559322034,0.7380127094165222,0.9741848335897338,0.7878507554733272
144,0.19382895529270172,0.955339789390564,0.9680958244710623,0.8423263327948304,0.9815375302663438,0.7530329289428076,0.9747703405910091,0.7951807228915663
145,0.16630679368972778,0.9650485515594482,0.9675635276532137,0.8276962348436503,0.9795702179176755,0.7492778740612362,0.9735298541134004,0.7865372953305032
146,0.1816583126783371,0.9611650705337524,0.9682770446581674,0.8510430247718384,0.9827103510895884,0.7541883304448296,0.9754403094370798,0.7996937212863706
147,0.19486838579177856,0.9650485515594482,0.9678972712680578,0.8380032206119162,0.9809700363196125,0.7515886770652802,0.9743898085342252,0.7924470839043704
148,0.19634854793548584,0.9631068110466003,0.9689248675669626,0.851360103626943,0.9826346852300242,0.7593876372039283,0.9757316202712347,0.8027480916030535
149,0.24443797767162323,0.9572815299034119,0.968070424111306,0.8447325769854133,0.9818780266343826,0.7527440785673022,0.9749253394939991,0.796089812127692
150,0.22606930136680603,0.9747572541236877,0.9683357604271685,0.8397044651461613,0.981121368038741,0.755054881571346,0.9746866367241087,0.7951330798479087
151,0.1651086062192917,0.9766990542411804,0.9682184422560429,0.8457550226830849,0.9819915254237288,0.7538994800693241,0.9750563486100676,0.7971899816737935
152,0.19885952770709991,0.9631068110466003,0.9691060555119728,0.8432,0.9814618644067796,0.7611207394569613,0.9752448262250709,0.8000607256717778
153,0.15944696962833405,0.9747572541236877,0.9692324904900426,0.8561688311688311,0.9832400121065376,0.7616984402079723,0.9761860045825039,0.8061754815041272
154,0.13213184475898743,0.9805825352668762,0.9698588182565175,0.8509615384615384,0.9824076876513317,0.766897746967071,0.976092921850919,0.8067456700091158
155,0.1888764351606369,0.9631068110466003,0.9659078248598062,0.8574317492416582,0.9839966707021792,0.7348353552859619,0.974868344609157,0.7914139057396173
156,0.20118403434753418,0.9631068110466003,0.9710980494927184,0.8451146716933711,0.9813483656174334,0.7770075101097631,0.9761963005475792,0.8096313017306246
157,0.23203441500663757,0.9611650705337524,0.9683492394870266,0.8511400651465798,0.9827103510895884,0.7547660311958405,0.9754769415652697,0.8000612369871403
158,0.18002474308013916,0.9631068110466003,0.9677875316173189,0.8624584717607974,0.9843371670702179,0.7498555748122473,0.9759921974641759,0.8022249690976515
159,0.1577228456735611,0.9708737730979919,0.9687640281310789,0.8308032890575585,0.9797593825665859,0.7588099364529174,0.9742306824166729,0.7931763285024154
160,0.19257815182209015,0.9708737730979919,0.9694707770396357,0.8529032258064516,0.9827481840193705,0.7637203928365107,0.9760643294630443,0.8058518744285279
161,0.3235457241535187,0.9592233300209045,0.966486687767641,0.843040473840079,0.9819536924939467,0.7400346620450606,0.9741588004578978,0.7881864328564836
162,0.1957375556230545,0.9669902920722961,0.9659298467961382,0.8307792631235735,0.9803647094430993,0.7359907567879839,0.9730937494132448,0.7805176903047941
163,0.24562984704971313,0.9514563083648682,0.9667821100063307,0.8451167379151595,0.9821806900726392,0.7423454650491046,0.9744205686403302,0.7904044287252039
164,0.17699186503887177,0.9669902920722961,0.966870160810006,0.8488448844884489,0.9826725181598063,0.7429231658001155,0.9747072951065746,0.7923598274799752
165,0.20330700278282166,0.9631068110466003,0.9668370201812959,0.833495302883058,0.9805538740920097,0.743212016175621,0.9736471383760025,0.7857688196671248
166,0.16363728046417236,0.9825242757797241,0.9670300948398178,0.8287275064267352,0.9798350484261501,0.744945118428654,0.9733904611568385,0.7846060237298449
167,0.2367541640996933,0.9592233300209045,0.9647934499441757,0.832010582010582,0.9807808716707022,0.7267475447718083,0.9727214738658962,0.7758248535306815
168,0.17889776825904846,0.9747572541236877,0.9675324675324676,0.8366688185926404,0.9808565375302664,0.7487001733102253,0.9741489441647253,0.7902439024390244
169,0.1520528942346573,0.9728155136108398,0.9671366756192181,0.8363577446532728,0.9808943704600485,0.7455228191796649,0.9739669421487605,0.7883323152107514
170,0.24424169957637787,0.9417475461959839,0.9665772412251286,0.8393324607329843,0.9814240314769975,0.7409012131715771,0.9739440585695512,0.7870512427124885
171,0.22382396459579468,0.9728155136108398,0.9677274764679515,0.8321588725176169,0.9801755447941889,0.7504332755632582,0.9739117359597023,0.7891859052247874
172,0.18947771191596985,0.9533980488777161,0.967443595002797,0.8408574212406625,0.9814618644067796,0.7478336221837089,0.9744023137453754,0.7916220761351475
173,0.17682869732379913,0.9728155136108398,0.9677815852205006,0.8525935653315824,0.9830130145278451,0.7501444251877527,0.9753378378378379,0.7980946527350953
174,0.20053225755691528,0.9747572541236877,0.9671111442193087,0.8466841759684832,0.9823320217917676,0.744945118428654,0.9746621621621622,0.7925629993853719
175,0.18129856884479523,0.9650485515594482,0.9670764976269667,0.8232854864433812,0.9790405569007264,0.7455228191796649,0.9730217518001166,0.782476883431863
176,0.15272431075572968,0.968932032585144,0.9674128330655106,0.8261562998405104,0.9793810532687651,0.7481224725592144,0.9733601549134251,0.7852053963922997
177,0.1597263067960739,0.9650485515594482,0.9686365507691156,0.8264566929133859,0.9791540556900726,0.7579433853264009,0.9738669074899814,0.7907186982070213
178,0.18532869219779968,0.968932032585144,0.9679176303812579,0.8426165803108808,0.981613196125908,0.7515886770652802,0.974717307186596,0.7945038167938933
179,0.16931955516338348,0.9631068110466003,0.9673288029273392,0.8312982005141388,0.9801377118644068,0.7472559214326978,0.9736911339121284,0.7870398539701856
180,0.23019082844257355,0.9572815299034119,0.9671886094398147,0.8242424242424242,0.9791540556900726,0.7463893703061814,0.9731345528378862,0.7833863877520084
181,0.2163890302181244,0.9631068110466003,0.9670554913725636,0.8422084286180986,0.9817266949152542,0.7446562680531484,0.974335867830658,0.7904338494557718
182,0.11724390089511871,0.9805825352668762,0.9675067304816034,0.8231746031746032,0.9789270581113801,0.7489890236857308,0.9731833910034602,0.7843315184513007
183,0.15094885230064392,0.9708737730979919,0.9660235678971042,0.851319746074173,0.9831643462469734,0.7359907567879839,0.9745185907411921,0.7894655305964369
184,0.21942923963069916,0.9631068110466003,0.966430632048256,0.8011239463003434,0.9759004237288136,0.7411900635470826,0.9711424430096193,0.7699924981245311
185,0.2430129051208496,0.9611650705337524,0.9673811394157035,0.8193609617209744,0.978397397094431,0.7481224725592144,0.9728580833254962,0.7821229050279329
186,0.16635894775390625,0.9747572541236877,0.9654299854872921,0.8384640847401522,0.9815375302663438,0.7316580011554015,0.9734171278491699,0.7814283510720345
187,0.14639872312545776,0.9728155136108398,0.9666231099495987,0.8259890640077195,0.9795323849878934,0.7417677642980935,0.9730349324463987,0.7816161923603714
188,0.15953901410102844,0.968932032585144,0.9679252336448598,0.8282442748091603,0.9795702179176755,0.7521663778162911,0.9737129103832123,0.7883742052679382
189,0.3570340871810913,0.955339789390564,0.9661655537732682,0.8276643990929705,0.9798728813559322,0.7380127094165222,0.9729709423542892,0.7802717972209497
190,0.23515775799751282,0.9533980488777161,0.9570041090773254,0.7397567221510883,0.9692418280871671,0.6675332177931831,0.9630840945829104,0.7017916793197693
191,0.24573761224746704,0.9495145678520203,0.9601547676624874,0.7930348258706468,0.9763922518159807,0.6906412478336221,0.968205436026336,0.7383047707271884
192,0.19020143151283264,0.9650485515594482,0.9573184274820463,0.8017361111111111,0.978397397094431,0.6669555170421722,0.9677431426112337,0.728161463260801
193,0.22900782525539398,0.9650485515594482,0.9592336823345957,0.7986486486486486,0.9774515738498789,0.682842287694974,0.9682569426226436,0.7362192463407039
194,0.24193044006824493,0.9572815299034119,0.9561695517088327,0.7967109867039888,0.9780190677966102,0.6577123050259965,0.9669708984813347,0.7205696202531646
195,0.2990539073944092,0.9495145678520203,0.954158215010142,0.7984886649874056,0.9788135593220338,0.6409589832466782,0.9663286458625132,0.7111039897452333
196,0.3626048266887665,0.9456310868263245,0.9526487126368748,0.7624039133473096,0.9742736077481841,0.6302715193529752,0.9633398174472543,0.6900695762175839
197,0.34567731618881226,0.9611650705337524,0.9540650406504065,0.7829922371206774,0.9767327481840193,0.6409589832466782,0.9652658341434234,0.7048919949174078
198,0.22043229639530182,0.9650485515594482,0.9581743414959434,0.8042054463977939,0.9785108958837773,0.6738879260543039,0.9682358446420216,0.7333019016187333
199,0.23581011593341827,0.9533980488777161,0.9616970687669503,0.8165938864628821,0.979343220338983,0.7021952628538417,0.9704399332696021,0.7550861935083087
200,0.25073686242103577,0.9572815299034119,0.9606847741505169,0.82593739250086,0.9808565375302664,0.693529751588677,0.9706658679496059,0.7539645156225466
201,0.21164613962173462,0.9631068110466003,0.9618966030989273,0.8007222586999343,0.977035411622276,0.7045060658578857,0.969406906906907,0.749539028887523
202,0.293601930141449,0.9378640651702881,0.9613971270554174,0.8201828648831696,0.9799107142857143,0.6995956094742923,0.9705656418039084,0.7551052221356197
203,0.2933877110481262,0.9514563083648682,0.9610857376257844,0.8147148160647992,0.9792297215496368,0.6972848064702484,0.970072896951071,0.7514396887159533
204,0.2618919610977173,0.9456310868263245,0.9631945219753638,0.8180615282831625,0.9791918886198547,0.7143269786250722,0.97112732866818,0.7626831148804936
205,0.26407092809677124,0.9514563083648682,0.9622290099083662,0.8031496062992126,0.9773002421307506,0.707105719237435,0.9697060700476745,0.752073732718894
206,0.2103005349636078,0.9611650705337524,0.9629960206776005,0.8209650582362729,0.9796458837772397,0.7125938763720393,0.97124960147034,0.7629503633833307
207,0.21232864260673523,0.9650485515594482,0.9626275746891817,0.8324855883350288,0.9813105326876513,0.7091276718659735,0.9718792738445399,0.7658711589455622
208,0.2597196400165558,0.9572815299034119,0.9631725935579967,0.813754524514643,0.9785865617433414,0.7143269786250722,0.9708183984836827,0.7608060298415629
209,0.22021842002868652,0.9592233300209045,0.9656789755807028,0.8382838283828383,0.9814618644067796,0.7336799537839399,0.9735064545181628,0.7825015403573629
210,0.2789663076400757,0.9417475461959839,0.9637032358732399,0.8347329526368827,0.9813861985472155,0.717793183131138,0.972464338600536,0.7718589843143345
211,0.181538388133049,0.968932032585144,0.9650109922867682,0.8253189401373896,0.979797215496368,0.7287694974003466,0.972347894647919,0.7740450989415554
212,0.24093791842460632,0.9495145678520203,0.9612164765150393,0.8333333333333334,0.9817266949152542,0.6975736568457539,0.9713633300890918,0.7594339622641509
213,0.2288942039012909,0.9514563083648682,0.9649744488791078,0.8178282009724474,0.9787378934624698,0.7287694974003466,0.9718074416333278,0.7707346876431953
214,0.24273715913295746,0.9592233300209045,0.9621002033647624,0.8553878553878553,0.9844128329297821,0.7039283651068746,0.9731286347401685,0.7723023292663603
215,0.25353866815567017,0.9533980488777161,0.9633955223880597,0.8018745959922431,0.9768084140435835,0.7166377816291161,0.9700556056507363,0.7568639414276997
216,0.208042711019516,0.9611650705337524,0.9624244222708558,0.834412265758092,0.981613196125908,0.7073945696129404,0.9719241070592421,0.7656714084727215
217,0.23023971915245056,0.9533980488777161,0.9631813125695217,0.844391244870041,0.9827860169491526,0.7131715771230502,0.9728849106775028,0.7732539931099279
218,0.2275494635105133,0.9650485515594482,0.9659218294596816,0.814176245210728,0.9779812348668281,0.7365684575389948,0.9719141256532693,0.7734303912647862
219,0.18637512624263763,0.9747572541236877,0.9647766961432711,0.8436241610738255,0.9823698547215496,0.7261698440207972,0.9734937952236343,0.7805029493945979
220,0.26867082715034485,0.9514563083648682,0.9664939808430547,0.8367613450865165,0.9810835351089588,0.7403235124205662,0.9737341118600155,0.7855938697318008
221,0.36651572585105896,0.9572815299034119,0.9654684298752095,0.831420137750082,0.9805538740920097,0.7322357019064125,0.972952681269591,0.7786822300721855
222,0.21431688964366913,0.9708737730979919,0.964330878524139,0.8321143617021277,0.9808943704600485,0.7229924898902369,0.9725421058554335,0.7737248840803711
223,0.20884191989898682,0.9708737730979919,0.963076923076923,0.8448098663926003,0.9828616828087167,0.7123050259965338,0.9728687250734922,0.7729196050775741
224,0.1667647361755371,0.9786407947540283,0.9661496112785032,0.8475589505147791,0.9826346852300242,0.7371461582900057,0.9743224233330208,0.7885061022709717
225,0.23074327409267426,0.9631068110466003,0.9644304032707676,0.8380729340916695,0.9816888619854721,0.7235701906412478,0.9729831074113656,0.7766237792590296
226,0.20530804991722107,0.9611650705337524,0.9670407781518893,0.815739570164349,0.977943401937046,0.7455228191796649,0.9724615326737144,0.7790522185330516
227,0.18792054057121277,0.9708737730979919,0.9641586360266864,0.8562113932738504,0.9841480024213075,0.7206816868861929,0.9740507751067176,0.7826223337515684
228,0.2733067572116852,0.9572815299034119,0.9672546898892328,0.8386887374229146,0.981197033898305,0.7463893703061814,0.9741759789651611,0.7898517499617912
229,0.19017226994037628,0.9708737730979919,0.965830417628229,0.8401585204755614,0.9816888619854721,0.7348353552859619,0.9736950729858531,0.783975346687211
230,0.19422224164009094,0.9631068110466003,0.9618140187606175,0.8622159090909091,0.9853208232445521,0.7013287117273252,0.973425527938703,0.7734947435489009
231,0.14139039814472198,0.9766990542411804,0.9651582196110512,0.8413862045984671,0.9819915254237288,0.7293471981513576,0.9735021097046412,0.7813708803961008
232,0.17152529954910278,0.9747572541236877,0.9680870894381688,0.8485835232823185,0.9824076876513317,0.7527440785673022,0.9751948173880387,0.7977958059084647
233,0.1434212177991867,0.9805825352668762,0.9675090252707581,0.8558677685950413,0.9835048426150121,0.7478336221837089,0.9754413613253035,0.7982118082318483
234,0.1762719750404358,0.968932032585144,0.9647063194263849,0.8438024857238831,0.9824076876513317,0.7255921432697863,0.9734765412660031,0.7802453797173474
235,0.22577878832817078,0.9611650705337524,0.9673114912967311,0.8433931484502447,0.9818401937046005,0.7466782206816869,0.97452169504891,0.7920943772023901
236,0.17651180922985077,0.9669902920722961,0.9682586990537217,0.8551769331585846,0.9832778450363197,0.7538994800693241,0.9757104779066711,0.8013509364445808
237,0.20582590997219086,0.9708737730979919,0.9675317421901181,0.8528152782351004,0.9830886803874092,0.7481224725592144,0.9752481750455065,0.7970456993383598
238,0.1952795833349228,0.9631068110466003,0.966176033303598,0.8535117056856187,0.9834291767554479,0.7371461582900057,0.9747262636868157,0.791072535647861
239,0.17980267107486725,0.9728155136108398,0.9677707813256827,0.8500818330605565,0.9826725181598063,0.7501444251877527,0.9751647237709071,0.7969924812030075
240,0.22952502965927124,0.9592233300209045,0.9649370426772648,0.8475260854930999,0.9828616828087167,0.7273252455228192,0.973816886889701,0.7828384890408829
241,0.1672135889530182,0.968932032585144,0.9676342634263426,0.8046439628482972,0.9761274213075061,0.7507221259387638,0.9718622871779419,0.7767483562462641
242,0.21233579516410828,0.9650485515594482,0.9663990484686292,0.8555183946488294,0.9836561743341404,0.7388792605430387,0.9749512524373781,0.7929324240545566
243,0.17747031152248383,0.968932032585144,0.9682433187968243,0.8515497553017944,0.9827860169491526,0.7538994800693241,0.9754604682600777,0.7997548644093764
244,0.2034974992275238,0.9728155136108398,0.9673864482501862,0.8523401450230719,0.9830508474576272,0.7469670710571924,0.9751557457029199,0.7961822660098522
245,0.2043127864599228,0.9650485515594482,0.9673650132102855,0.8556769281694803,0.9835048426150121,0.7466782206816869,0.9753681643373042,0.7974703069566558
246,0.1973474770784378,0.9611650705337524,0.9680569532968057,0.8499184339314845,0.9825968523002422,0.7524552281917967,0.9752727136178442,0.7982227669679791
247,0.22014838457107544,0.9592233300209045,0.9690702440842184,0.8604118993135011,0.9838453389830508,0.7602541883304448,0.9764018998629546,0.8072381536574145
248,0.19693198800086975,0.9650485515594482,0.9655441860465116,0.8400132494203378,0.9817266949152542,0.7325245522819179,0.9735681992984035,0.7825952785064032
249,0.14223827421665192,0.9747572541236877,0.9669925287142698,0.8605817452357071,0.9842236682808717,0.7435008665511266,0.9755320146245429,0.797768479776848
250,0.27180084586143494,0.9533980488777161,0.9684139784946236,0.8411575562700965,0.9813105326876513,0.755632582322357,0.9748196031268792,0.7961046865489958
251,0.16300222277641296,0.9650485515594482,0.9690375945452513,0.8612111292962357,0.9839588377723971,0.7599653379549394,0.9764412156708152,0.8074267300905325
252,0.16517049074172974,0.9747572541236877,0.96682640514135,0.8635294117647059,0.9846398305084746,0.7420566146735991,0.97565181533617,0.7981979182849153
253,0.1962602287530899,0.9669902920722961,0.9684053651266766,0.8559266535690897,0.9833535108958837,0.755054881571346,0.9758221955248536,0.8023327194597912
254,0.22133132815361023,0.9650485515594482,0.9680122141952782,0.85625,0.98346700968523,0.7518775274407856,0.9756784145929511,0.800676714856967
255,0.19757050275802612,0.9611650705337524,0.9672259216547003,0.8566213076667772,0.9836561743341404,0.7455228191796649,0.9753718605218239,0.7972200772200772
256,0.16814079880714417,0.9650485515594482,0.9694955755516559,0.8502089360334297,0.9823698547215496,0.7640092432120161,0.9758902565066241,0.8048075460216035
257,0.1803799718618393,0.9708737730979919,0.9668997322225528,0.8556220891550232,0.9835805084745762,0.7429231658001155,0.9751687921980494,0.7952999381570809
258,0.1998118758201599,0.9611650705337524,0.9652749377253969,0.8435101768435102,0.9822563559322034,0.7302137492778741,0.9736916124435111,0.7827837126490168
259,0.19437406957149506,0.9728155136108398,0.9654416409646613,0.848809922896413,0.9829373486682809,0.7313691507798961,0.9741109423916916,0.7857253685027152
260,0.24932830035686493,0.9436893463134766,0.967855273977723,0.8286624203821656,0.9796458837772397,0.7515886770652802,0.9737148873763771,0.7882459860648289
261,0.20274044573307037,0.968932032585144,0.9664908239839513,0.8602150537634409,0.9842615012106537,0.7394569612940497,0.9752952202436738,0.795278036657347
262,0.18767280876636505,0.9669902920722961,0.9678045140831935,0.8413726124959534,0.9814618644067796,0.7507221259387638,0.974585344779007,0.7934666463135398
263,0.20076461136341095,0.9669902920722961,0.9656518345042935,0.8479786167724691,0.9827860169491526,0.733102253032929,0.9741435883974274,0.7863671572424478
264,0.20263350009918213,0.9631068110466003,0.9683256230413371,0.845631067961165,0.9819536924939467,0.7547660311958405,0.9750920429784357,0.7976190476190476
265,0.41631054878234863,0.9631068110466003,0.9654993129572548,0.8537243006403775,0.9835805084745762,0.7316580011554015,0.9744560430292921,0.7879919116503343
266,0.21022969484329224,0.9669902920722961,0.9667624128026262,0.8328474246841594,0.9804782082324455,0.74263431542461,0.973572005484701,0.7851580393953276
267,0.17902998626232147,0.9650485515594482,0.9649135820784809,0.8581173260572987,0.9842615012106537,0.7267475447718083,0.974491515900663,0.7869878010634971
268,0.30927127599716187,0.9592233300209045,0.9672454911313162,0.8446697187704382,0.9820293583535109,0.7461005199306759,0.9745813621686567,0.7923312883435584
269,0.22441476583480835,0.968932032585144,0.9666070363744782,0.8380143696930111,0.9812348668280871,0.7411900635470826,0.9738660258335836,0.7866339668914775
270,0.206276535987854,0.9631068110466003,0.9643188653324918,0.8446470786896318,0.9825968523002422,0.7224147891392259,0.9733720603391738,0.7787638175307487
271,0.22096571326255798,0.955339789390564,0.9681426493080165,0.8448331713637837,0.9818780266343826,0.7533217793183131,0.9749619639737785,0.7964574744235762
272,0.3149717450141907,0.9631068110466003,0.9654785503235217,0.8042445359518531,0.9766192493946732,0.7333911034084344,0.971016945964754,0.7671853754343557
273,0.16557566821575165,0.9747572541236877,0.9640431926973172,0.8465195246179966,0.9828995157384988,0.720103986135182,0.9733800415878309,0.778211331356329
274,0.1799682080745697,0.9728155136108398,0.9657210841357772,0.8475141808475142,0.9827103510895884,0.7336799537839399,0.9741416490089819,0.7864994581204522
275,0.22252672910690308,0.9533980488777161,0.966682852127143,0.8234540211470682,0.9791540556900726,0.7423454650491046,0.9728784888638287,0.7807990277988759
276,0.24802090227603912,0.9475728273391724,0.9627543267983545,0.8440398488491927,0.9828238498789347,0.7097053726169844,0.9726855752129552,0.7710654322924839
277,0.20862914621829987,0.9650485515594482,0.9650493421052632,0.8042647994907702,0.9767327481840193,0.7299248989023686,0.9708558965102286,0.7652937613567534
278,0.26709631085395813,0.9572815299034119,0.9659780383398474,0.8412017167381974,0.9818023607748184,0.7359907567879839,0.9738259189072556,0.7850870435988292
279,0.2430141270160675,0.9708737730979919,0.9645042839657283,0.854074326628026,0.9838075060532687,0.7235701906412478,0.974060270072856,0.7834245504300235
280,0.2356230467557907,0.9728155136108398,0.9658409387222947,0.8346999016070843,0.9809322033898306,0.7351242056614674,0.9733280777821575,0.7817539548456458
281,0.421104371547699,0.9572815299034119,0.965219655544396,0.839256061109266,0.9816888619854721,0.7299248989023686,0.9733846009565787,0.7807817086358722
282,0.30631670355796814,0.955339789390564,0.9660865352364626,0.8337144723946422,0.9807430387409201,0.7371461582900057,0.9733596170092931,0.7824620573355817
283,0.1885986477136612,0.9708737730979919,0.9649736000594928,0.84,0.9818401937046005,0.7279029462738301,0.9733338334020929,0.7799442896935932
284,0.23378704488277435,0.968932032585144,0.9648562300319489,0.8454301075268817,0.9825968523002422,0.7267475447718083,0.9736457357075914,0.7816091954022989
285,0.18632172048091888,0.968932032585144,0.9661502941833618,0.8398026315789474,0.9815753631961259,0.7374350086655113,0.9738017490522839,0.7852968317440788
286,0.18380749225616455,0.9650485515594482,0.964976924222123,0.8331130204890945,0.9808943704600485,0.7281917966493356,0.9728705440900562,0.7771270036991369
287,0.2254204899072647,0.9611650705337524,0.9657036346691519,0.8282828282828283,0.9800620460048426,0.7342576545349508,0.9728298627410481,0.7784412800489972
288,0.1528051793575287,0.9766990542411804,0.9665066428491682,0.8475024809791598,0.9825590193704601,0.7400346620450606,0.9744667279515224,0.7901310717039322
289,0.1638108491897583,0.9728155136108398,0.9643069159988127,0.849762066621346,0.9832778450363197,0.7221259387637204,0.9736999850142365,0.7807620237351655
290,0.15585406124591827,0.9747572541236877,0.9648188823945497,0.8298714144411474,0.9804782082324455,0.7270363951473137,0.9725855177978345,0.7750577367205543
291,0.22833728790283203,0.968932032585144,0.9661238027801587,0.8340411630186214,0.9807808716707022,0.7374350086655113,0.9733971651178072,0.7827686647248199
292,0.17052067816257477,0.9728155136108398,0.9657855547282204,0.8381674357284113,0.9814240314769975,0.7345465049104564,0.9735419950461607,0.7829433497536946
293,0.19872184097766876,0.9728155136108398,0.96565438798647,0.8485456369107321,0.9828616828087167,0.733102253032929,0.9741820568107246,0.7866108786610878
294,0.16790230572223663,0.9786407947540283,0.9650435559526469,0.8321240105540897,0.9807430387409201,0.7287694974003466,0.9728299620970466,0.777024946104096
295,0.25216928124427795,0.9475728273391724,0.963903743315508,0.839514497639919,0.9819915254237288,0.7192374350086655,0.972863568215892,0.7747355320472931
296,0.17982180416584015,0.9708737730979919,0.9651787713667239,0.8158064516129032,0.978397397094431,0.7305025996533796,0.9717431330552737,0.7708015848826577
297,0.2236386388540268,0.9514563083648682,0.9639299337110692,0.8606018678657904,0.9847533292978208,0.7186597342576545,0.9742303733508001,0.7832520069258617
298,0.2154436856508255,0.968932032585144,0.9608805592741335,0.8027981345769487,0.9776029055690073,0.6961294049682265,0.9691696046808191,0.7456683168316831
299,0.26406899094581604,0.9475728273391724,0.9599215454074458,0.8283426183844012,0.9813483656174334,0.6871750433275563,0.9705167059527818,0.7511840858856962
300,0.2505505681037903,0.9631068110466003,0.9635971115908584,0.8203434610303831,0.9794188861985472,0.7175043327556326,0.9714435813726593,0.7654853620955316
301,0.21491655707359314,0.9728155136108398,0.9622592496381787,0.829657278588395,0.9810078692493946,0.7062391681109186,0.971543116206748,0.7629895459510063
302,0.31844621896743774,0.9592233300209045,0.9609714434253036,0.8131534569983137,0.9790405569007264,0.6964182553437319,0.9699218530387361,0.7502722887817022
303,0.22333432734012604,0.9533980488777161,0.9603098132226504,0.8216494845360824,0.9803647094430993,0.6906412478336221,0.9702336378613149,0.7504708097928436
304,0.20672859251499176,0.9611650705337524,0.962756674464372,0.8299021262234222,0.9809322033898306,0.7102830733679953,0.971759458801042,0.7654474708171206
305,0.18906201422214508,0.9708737730979919,0.9624902318312061,0.8123138033763655,0.9785487288135594,0.708838821490468,0.9704530531845044,0.7570569180934753
306,0.20337407290935516,0.9650485515594482,0.9638567657011118,0.829723425524825,0.980667372881356,0.7192374350086655,0.9721894045944679,0.7705399969054619
307,0.20121727883815765,0.955339789390564,0.9639988098780125,0.8296739853626082,0.9806295399515739,0.7203928365106874,0.9722430607651913,0.7711811997526282
308,0.2078389972448349,0.9631068110466003,0.9654146522870956,0.8428761651131824,0.9821428571428571,0.7313691507798961,0.9737069127189527,0.7831735230436128
309,0.19398722052574158,0.9611650705337524,0.9651789364153257,0.8458961474036851,0.9825968523002422,0.7293471981513576,0.973810014810371,0.7833100666976889
310,0.17464779317378998,0.9728155136108398,0.9656802531174391,0.8385605810498514,0.9814996973365617,0.7336799537839399,0.9735257143929302,0.7826220921275612
311,0.16623350977897644,0.9728155136108398,0.9654864955232753,0.8508565670137722,0.9832021791767555,0.7316580011554015,0.9742638100058107,0.7867681316974685
312,0.18546372652053833,0.9766990542411804,0.9655763355934729,0.8315858453473133,0.9805538740920097,0.733102253032929,0.9730074708112776,0.7792447037150753
313,0.41950592398643494,0.955339789390564,0.9660480023852117,0.833115610711953,0.980667372881356,0.7368573079145003,0.9733027936317212,0.7820355610055181
314,0.27553853392601013,0.9592233300209045,0.9621279431363838,0.8462873004857737,0.9832400121065376,0.7045060658578857,0.9725694184567024,0.7689155107187894
315,0.25933367013931274,0.9592233300209045,0.9637549568246674,0.8533150120233597,0.9838453389830508,0.7175043327556326,0.973696527192736,0.7795386788011927
316,0.16121356189250946,0.9766990542411804,0.9638078198963808,0.8127243066884177,0.9782838983050848,0.719526285384171,0.9709919077749198,0.7632909453041213
317,0.24747629463672638,0.9495145678520203,0.9624241078039389,0.8490631505898681,0.9835426755447942,0.7068168688619295,0.9728687972457151,0.7714375788146279
318,0.24969004094600677,0.9611650705337524,0.9649944258639911,0.8445040214477212,0.9824455205811138,0.7279029462738301,0.9736417832102283,0.7818802358051505
319,0.21776169538497925,0.9611650705337524,0.964429230540259,0.8303512259774686,0.9806295399515739,0.7238590410167534,0.9724619194117206,0.7734567901234568
320,0.2275581806898117,0.9631068110466003,0.964364177992925,0.824284304047384,0.979797215496368,0.7235701906412478,0.972019441890142,0.7706506691278264
321,0.21285197138786316,0.9592233300209045,0.9633170297910182,0.8506538196834136,0.9835805084745762,0.7140381282495667,0.9733433171096968,0.7763819095477386
322,0.19362927973270416,0.9708737730979919,0.9663909382219241,0.837696335078534,0.9812348668280871,0.7394569612940497,0.9737563356485827,0.7855170297637312
323,0.21479271352291107,0.9747572541236877,0.9641016132022993,0.8514851485148515,0.9835426755447942,0.7203928365106874,0.973725115643201,0.780472539508684
324,0.20741477608680725,0.955339789390564,0.9654954687267865,0.8528619528619529,0.98346700968523,0.7316580011554015,0.9743983806882075,0.7876243781094528
325,0.623094379901886,0.9417475461959839,0.9650572497869344,0.8665290677674579,0.9853208232445521,0.7276140958983247,0.9750837716917201,0.7910189982728844
326,0.20063766837120056,0.9650485515594482,0.9668928491536798,0.837890625,0.981159200968523,0.7435008665511266,0.9739737860066849,0.787878787878788
327,0.2205745130777359,0.9650485515594482,0.9684792351359426,0.8396407953816549,0.9810835351089588,0.756210283073368,0.9747406405051872,0.7957446808510638
328,0.27258533239364624,0.9611650705337524,0.9660048246427909,0.863343506273313,0.9847533292978208,0.7354130560369728,0.975288982145868,0.7942598658555607
329,0.18725454807281494,0.9708737730979919,0.966139534883721,0.8453130175554819,0.9823320217917676,0.7371461582900057,0.9741684956947494,0.787532788149977
330,0.23440232872962952,0.9611650705337524,0.9648015445735715,0.8490374873353597,0.9830886803874092,0.7261698440207972,0.9738592710578095,0.7828117702008407
331,0.20104862749576569,0.9611650705337524,0.9648354909306726,0.8565587734241908,0.9840723365617433,0.7261698440207972,0.9743589743589743,0.7859934344223856
332,0.18434004485607147,0.9728155136108398,0.9672350882418647,0.8504611330698287,0.9828238498789347,0.7458116695551704,0.9749671608181648,0.7947060634041243
333,0.17634190618991852,0.9669902920722961,0.9665502118486583,0.857429718875502,0.9838831719128329,0.7400346620450606,0.975139675278413,0.7944186046511628
334,0.19515158236026764,0.968932032585144,0.9663965948549453,0.8235294117647058,0.9792297215496368,0.7400346620450606,0.9727708352908015,0.779552715654952
335,0.23109956085681915,0.9669902920722961,0.9648882132661006,0.8604173794047212,0.9845641646489104,0.7264586943963027,0.9746268936202086,0.7877838684416602
336,0.21671490371227264,0.9650485515594482,0.9663243283471012,0.8466887417218543,0.9824833535108959,0.7385904101675332,0.9743368476344126,0.78895402653502
337,0.20900273323059082,0.9631068110466003,0.9629807870284678,0.8545643873654981,0.9841480024213075,0.7111496244945118,0.9734493404434466,0.7762888223238216
338,0.16670310497283936,0.9747572541236877,0.9674732989767719,0.8315147625160462,0.9801377118644068,0.7484113229347198,0.9737643300131553,0.787777439951353
339,0.20136769115924835,0.9592233300209045,0.9683219178082192,0.8617161716171617,0.9841480024213075,0.7541883304448296,0.9761708195737017,0.8043746149106592
340,0.21548549830913544,0.955339789390564,0.9678343001636174,0.8650899400399733,0.9846776634382567,0.7501444251877527,0.9761833320831145,0.8035272277227723
341,0.1412431299686432,0.968932032585144,0.9669393826701376,0.8565246338215713,0.9836940072639225,0.743212016175621,0.9752447395071453,0.7958552428085369
342,0.2145538032054901,0.9572815299034119,0.966572469695843,0.8543333333333333,0.98346700968523,0.7403235124205662,0.9749465551513333,0.7932528628907459
343,0.19411414861679077,0.9592233300209045,0.966781981177696,0.8532049153105281,0.9832778450363197,0.7420566146735991,0.9749601425490012,0.7937586899428395
344,0.2058984786272049,0.955339789390564,0.9680149114631873,0.8484848484848485,0.9824076876513317,0.7521663778162911,0.9751581951668326,0.7974276527331189
345,0.225830078125,0.9592233300209045,0.9675822539824326,0.8562458691341706,0.9835426755447942,0.7484113229347198,0.9754971857410881,0.7987053020961775
346,0.2344655841588974,0.9786407947540283,0.9695543352385222,0.84704,0.9819158595641646,0.7645869439630272,0.975695945564933,0.8037042659784425
347,0.19930431246757507,0.9708737730979919,0.9662302886045819,0.8496340652029275,0.9828995157384988,0.7377238590410168,0.9744936234058514,0.7897340754483612
348,0.2100684642791748,0.9592233300209045,0.9677948412106754,0.8473581213307241,0.9822941888619855,0.7504332755632582,0.974990612091626,0.7959558823529411
349,0.2209615558385849,0.9611650705337524,0.9660966431951119,0.8358991156239765,0.9810457021791767,0.7371461582900057,0.9735137874720778,0.7834228702993093
350,0.21233516931533813,0.9611650705337524,0.9668134985814544,0.8283966516419833,0.9798350484261501,0.743212016175621,0.9732807215332582,0.7834957369062121
351,0.21335574984550476,0.9631068110466003,0.9641210588935157,0.83288859239493,0.9810457021791767,0.7212593876372039,0.9725097509750975,0.7730650154798762
352,0.1860535740852356,0.9592233300209045,0.9637611275964392,0.8469665985003408,0.9830130145278451,0.717793183131138,0.9732918789331735,0.7770481550969356
353,0.16296574473381042,0.9669902920722961,0.9683215659905114,0.83648,0.980667372881356,0.755054881571346,0.9744553673803125,0.7936845301351146
354,0.21932798624038696,0.9669902920722961,0.9668953176260066,0.8384364820846906,0.9812348668280871,0.7435008665511266,0.9740123178608983,0.788120024494795
355,0.1449246108531952,0.9728155136108398,0.9659234485321442,0.8528820375335121,0.9833913438256658,0.7351242056614674,0.9745791308912302,0.7896369841762334
356,0.1855691522359848,0.9728155136108398,0.9668615258591801,0.8468883766875206,0.9824076876513317,0.7429231658001155,0.9745726134849594,0.7915063855977842
357,0.17978060245513916,0.9533980488777161,0.9673540798094103,0.8531353135313532,0.9831643462469734,0.7466782206816869,0.975195136595617,0.7963647566235366
358,0.23805959522724152,0.9611650705337524,0.9654288897140735,0.8539136302294197,0.9836183414043583,0.7310803004043905,0.9744387391776921,0.7877373171490818
359,0.1356305181980133,0.9786407947540283,0.969189350882441,0.8374603174603175,0.9806295399515739,0.7619872905834778,0.9748758838573793,0.7979431336963096
360,0.29977747797966003,0.9650485515594482,0.9668962949171477,0.8466600855544587,0.9823698547215496,0.743212016175621,0.9745716591288683,0.7915705276111369
361,0.18919643759727478,0.9669902920722961,0.9648430226062344,0.8274728885967795,0.9801377118644068,0.7273252455228192,0.9724302310305349,0.7741737125288239
362,0.16078311204910278,0.984466016292572,0.9665125298329356,0.8330084470435347,0.9805538740920097,0.7406123627960717,0.9734825721153846,0.7840978593272171
363,0.17732489109039307,0.968932032585144,0.965322220568537,0.8383035122597747,0.9815375302663438,0.730791450028885,0.9733623471148796,0.7808641975308643
364,0.16010528802871704,0.9747572541236877,0.966451421361241,0.8677069199457259,0.9852451573849879,0.7388792605430387,0.9757578028401214,0.7981279251170047
365,0.2023761123418808,0.968932032585144,0.9674330215746917,0.8465816159633628,0.9822563559322034,0.7475447718082033,0.9747883384332351,0.7939868077926062
366,0.24171064794063568,0.9631068110466003,0.968858648921455,0.8359300476947535,0.9804782082324455,0.7593876372039283,0.9746337977849232,0.7958226123808082
367,0.21040698885917664,0.9533980488777161,0.966639332041151,0.8372472276581866,0.981121368038741,0.7414789139225881,0.9738265114532483,0.7864583333333334
368,0.23947441577911377,0.9669902920722961,0.9673524150268337,0.8445460483344219,0.9819915254237288,0.7469670710571924,0.9746170021027335,0.7927651747394237
369,0.2026936411857605,0.968932032585144,0.9667981835777563,0.8487450462351387,0.9826725181598063,0.7423454650491046,0.9746707193515705,0.7919876733436055
370,0.17192411422729492,0.9708737730979919,0.9654209781880444,0.8365257595772787,0.9812726997578692,0.7316580011554015,0.9732822995234343,0.7805855161787365
371,0.1969068944454193,0.9650485515594482,0.9671667349141942,0.8512042230287034,0.9829373486682809,0.7452339688041595,0.9749882728210901,0.7947019867549668
372,0.21013616025447845,0.955339789390564,0.965820203892493,0.8701610140459062,0.9856613196125908,0.7336799537839399,0.9756398973917276,0.796113461839837
373,0.16197220981121063,0.9708737730979919,0.9661560251966156,0.833278955954323,0.980667372881356,0.7377238590410168,0.9733576162670621,0.782595373065727
374,0.20362035930156708,0.9611650705337524,0.9656708109111153,0.8602916242794167,0.9844128329297821,0.7328134026574235,0.9749517582479346,0.7914521915457807
375,0.15130792558193207,0.9728155136108398,0.9668886491312921,0.8530679933665009,0.9832400121065376,0.7429231658001155,0.9749957794826584,0.7941948432916472
376,0.18160057067871094,0.9728155136108398,0.9677611495793313,0.8562005277044855,0.9835048426150121,0.7498555748122473,0.9755694824933389,0.7995072374499539
377,0.2075224667787552,0.9533980488777161,0.966860291927316,0.8466096115865701,0.9823698547215496,0.7429231658001155,0.97455337036481,0.7913846153846154
378,0.19150488078594208,0.9669902920722961,0.9666517790680363,0.8479841374752148,0.9825968523002422,0.7411900635470826,0.9745590994371482,0.7909987669543774
379,0.13528014719486237,0.9728155136108398,0.9668082253017434,0.8429508196721311,0.9818780266343826,0.74263431542461,0.9742848562204369,0.7896191646191646
380,0.21242374181747437,0.968932032585144,0.9657970799673905,0.8731086657496562,0.9860396489104116,0.7333911034084344,0.9758133962334793,0.7971742543171115
381,0.18538688123226166,0.9650485515594482,0.9679044597872738,0.8396256857050661,0.981197033898305,0.7515886770652802,0.9745054201814868,0.7931717725956409
382,0.16349753737449646,0.9747572541236877,0.9671893579072532,0.8648558014755198,0.9847533292978208,0.744945118428654,0.9758923215356928,0.8004345127250155
383,0.15788200497627258,0.9747572541236877,0.9676315202023961,0.8594164456233422,0.9839588377723971,0.7487001733102253,0.9757268805102232,0.8002469898116703
384,0.15670840442180634,0.968932032585144,0.9675633499294047,0.8687919463087248,0.9852073244552058,0.7478336221837089,0.9763056274134893,0.8037876435889475
385,0.15813450515270233,0.9708737730979919,0.9683915561367458,0.8360498561840843,0.9805917070217918,0.755632582322357,0.9744534466229299,0.7938097405553026
386,0.2053835391998291,0.9611650705337524,0.9668031261630071,0.8498677248677249,0.9828238498789347,0.7423454650491046,0.9747476642527485,0.7924761023743448
387,0.1922869086265564,0.9669902920722961,0.9672418290910446,0.8438418817379941,0.9819158595641646,0.7461005199306759,0.974523608373228,0.7919668864019622
388,0.1618272364139557,0.9708737730979919,0.9674748449857052,0.8733535967578521,0.9858126513317191,0.7469670710571924,0.9765576688841,0.805231200373657
389,0.1647072583436966,0.9650485515594482,0.9655749284360013,0.8467445742904841,0.9826346852300242,0.7325245522819179,0.9740301138174795,0.785504104073099
390,0.18962928652763367,0.9611650705337524,0.9672545955198333,0.8549668874172185,0.9834291767554479,0.7458116695551704,0.9752748283495292,0.796667695155816
391,0.2360670119524002,0.9611650705337524,0.9672539399345822,0.8632107023411372,0.9845263317191283,0.7455228191796649,0.9758137093145343,0.8000619962802232
392,0.3596104681491852,0.9631068110466003,0.9672790966347408,0.8441685723619732,0.9819536924939467,0.7463893703061814,0.9745611564817421,0.7922734937912003
393,0.20022672414779663,0.9572815299034119,0.9650899647560749,0.8577747533174549,0.9841858353510896,0.7281917966493356,0.9745443647329874,0.7876894235275739
394,0.197005033493042,0.9592233300209045,0.9688595509808309,0.852922077922078,0.9828616828087167,0.7588099364529174,0.9758103895128273,0.8031183124426781
395,0.20343950390815735,0.9669902920722961,0.9659886628876292,0.8763348260420255,0.9864179782082324,0.7348353552859619,0.9760964378638415,0.7993715632364494
396,0.18472270667552948,0.968932032585144,0.9681033199344946,0.8608724388631858,0.9840723365617433,0.7524552281917967,0.9760225140712946,0.8030209617755857
397,0.1889365315437317,0.9631068110466003,0.9673246347719415,0.863013698630137,0.9844884987893463,0.7461005199306759,0.9758310989443685,0.800309837335399
398,0.16776889562606812,0.9669902920722961,0.966051331575233,0.857623695725345,0.9839966707021792,0.7359907567879839,0.9749414300440447,0.792165397170838
399,0.1747429221868515,0.9650485515594482,0.9660745540535508,0.8388687931601447,0.9814618644067796,0.7368573079145003,0.9737074223515061,0.784560971859142
400,0.23010434210300446,0.9572815299034119,0.9648153640812694,0.8600273785078714,0.9845263317191283,0.7258809936452918,0.9745711931690509,0.787280701754386
401,1.197460651397705,0.9533980488777161,0.9692961210269404,0.8629375204448806,0.9841480024213075,0.7619872905834778,0.9766656028834783,0.8093265838318762
402,0.1503523737192154,0.9805825352668762,0.9681977481172173,0.8492838541666666,0.9824833535108959,0.7536106296938186,0.9752882412588726,0.7985919804101623
403,0.20683282613754272,0.9650485515594482,0.966716306775875,0.8464073829927489,0.9823698547215496,0.7417677642980935,0.9744802221721833,0.7906403940886699
404,0.14981383085250854,0.9728155136108398,0.9645421570804649,0.8706536856745479,0.9859261501210653,0.7232813402657423,0.9751169317118802,0.7901546229094351
405,0.2093309611082077,0.9611650705337524,0.9678357124221982,0.8485145282402873,0.9824455205811138,0.7507221259387638,0.9750858945234027,0.7966283524904215
406,0.18331311643123627,0.968932032585144,0.9659972530531943,0.861590524534687,0.9845263317191283,0.7354130560369728,0.9751737835153922,0.7935172198846813
407,0.21517117321491241,0.9572815299034119,0.9663175876411171,0.861429534726905,0.9844506658595642,0.7380127094165222,0.9752998500749626,0.7949595519601742
408,0.15838615596294403,0.9708737730979919,0.9672301690507152,0.8660624370594159,0.9849046610169492,0.7452339688041595,0.9759874032279228,0.8011178388448998
409,0.19183838367462158,0.9592233300209045,0.9668382572366457,0.8337653920933247,0.9805917070217918,0.743212016175621,0.9736664162283997,0.7858888210140501
410,0.2588742673397064,0.9631068110466003,0.9682764798089124,0.8425806451612903,0.9815375302663438,0.7544771808203351,0.9748619095930561,0.7960987503809814
411,0.13522279262542725,0.9825242757797241,0.9687395208465293,0.8585924713584288,0.9836561743341404,0.7576545349508954,0.9761408646355427,0.8049716127052324
412,0.16321446001529694,0.9766990542411804,0.9674333779961293,0.8549239920687376,0.9833913438256658,0.7472559214326978,0.9753470919324577,0.7974722564734895
413,0.5474581122398376,0.9475728273391724,0.9682048605934098,0.8509458577951728,0.9827103510895884,0.7536106296938186,0.9754036800600826,0.7993259803921569
414,0.2249760627746582,0.9611650705337524,0.965298979819793,0.8333333333333334,0.9808565375302664,0.730791450028885,0.9730155751548132,0.7787011388119421
415,0.22520525753498077,0.9572815299034119,0.9621156120638675,0.8587033121916843,0.984828995157385,0.7039283651068746,0.9733398145378401,0.7736507936507936
416,0.2639705240726471,0.955339789390564,0.963257898440683,0.853195164075993,0.983921004842615,0.7134604274985558,0.9734798150886189,0.7770961145194274
417,0.17207039892673492,0.9728155136108398,0.965463515969878,0.8617637044603337,0.9846398305084746,0.7310803004043905,0.9749573882260392,0.7910611032973902
418,0.2065562605857849,0.968932032585144,0.9661655537732682,0.8276643990929705,0.9798728813559322,0.7380127094165222,0.9729709423542892,0.7802717972209497
419,0.18723079562187195,0.9669902920722961,0.966780745480247,0.852921646746348,0.9832400121065376,0.7420566146735991,0.9749409160820798,0.7936360827927093
420,0.21405155956745148,0.9592233300209045,0.9640780654001407,0.8619854721549637,0.9849046610169492,0.7198151357596765,0.9743800879573313,0.784511254525421
421,0.2282545119524002,0.9611650705337524,0.9658934867322323,0.8623262122753476,0.9846398305084746,0.7345465049104564,0.9751765741798902,0.7933239744189674
422,0.23125635087490082,0.9650485515594482,0.9668415764206766,0.8504796559708898,0.9828995157384988,0.74263431542461,0.9748044200138829,0.7929067077872011
423,0.2615198493003845,0.9572815299034119,0.966263265686092,0.84106614017769,0.9817266949152542,0.7383015597920277,0.9739336048191866,0.7863405629903091
424,0.18716183304786682,0.9708737730979919,0.9664684014869889,0.8550434201736807,0.9835805084745762,0.7394569612940497,0.9749493737343434,0.7930607187112764
425,0.25350064039230347,0.9514563083648682,0.966618124789963,0.8249277224542242,0.9793810532687651,0.7417677642980935,0.9729577358916054,0.7811406844106464
426,0.3151787519454956,0.9533980488777161,0.9662139534883721,0.8459754885723749,0.9824076876513317,0.7377238590410168,0.9742435327442925,0.7881499768554237
427,0.21329762041568756,0.9669902920722961,0.9662904662904663,0.86342123056119,0.9847154963680388,0.7377238590410168,0.9754159796132513,0.7956386292834892
428,0.2585592269897461,0.955339789390564,0.9677491434530017,0.8533859303090072,0.9831265133171913,0.7498555748122473,0.9753772239321372,0.7982779827798278
429,0.22971847653388977,0.9650485515594482,0.9675087562411506,0.8475130890052356,0.9823698547215496,0.7481224725592144,0.9748826731743946,0.7947223074562749
430,0.26027870178222656,0.955339789390564,0.9648985959438378,0.8469044414535666,0.9827860169491526,0.7270363951473137,0.9737601679349253,0.7824059682934411
431,0.20420359075069427,0.968932032585144,0.966553815246103,0.8500829187396352,0.9828995157384988,0.7403235124205662,0.9746581380953275,0.7914157789099893
432,0.24202607572078705,0.9611650705337524,0.9627805347752019,0.8495850622406639,0.9835426755447942,0.7097053726169844,0.9730508664895011,0.773371104815864
433,0.22438332438468933,0.9475728273391724,0.9640520446096654,0.8333333333333334,0.981121368038741,0.7206816868861929,0.9725118127953198,0.7729244114002479
434,0.27632197737693787,0.9495145678520203,0.9654773888081124,0.8257896450667535,0.9797593825665859,0.7325245522819179,0.9725659562482396,0.7763661411296494
435,0.20928147435188293,0.9592233300209045,0.9644092379783554,0.8336106489184693,0.9810835351089588,0.7235701906412478,0.9726749310778118,0.7747023349311891
436,0.24810606241226196,0.9728155136108398,0.964539795464651,0.8620096352374398,0.984828995157385,0.7235701906412478,0.9745788094346686,0.7867462311557788
437,0.2481364905834198,0.9495145678520203,0.9636619301361753,0.8641114982578397,0.9852451573849879,0.7163489312536107,0.9743340317270278,0.7833228048010108
438,0.23468220233917236,0.9650485515594482,0.9670215141814933,0.8507265521796565,0.9828995157384988,0.7440785673021375,0.9748958685128898,0.7938366718027734
439,0.18637189269065857,0.9650485515594482,0.9664507000297885,0.8429888084265964,0.9819536924939467,0.7397458116695552,0.9741405194415252,0.788
440,0.2270762324333191,0.955339789390564,0.9650211880157609,0.8425802139037433,0.9821806900726392,0.7281917966493356,0.9735253309333632,0.7812209482491478
441,0.22522982954978943,0.9708737730979919,0.9688176861602809,0.8430680359435173,0.9814996973365617,0.7588099364529174,0.9751174591242248,0.7987230161143205
442,0.21168182790279388,0.955339789390564,0.9668055969038404,0.8504301786896096,0.9828995157384988,0.7423454650491046,0.974786132372805,0.7927205428747687
443,0.22369647026062012,0.955339789390564,0.9661205839741447,0.8571428571428571,0.983921004842615,0.7365684575389948,0.9749395512736406,0.7922945471492931
444,0.19452999532222748,0.968932032585144,0.9667336459031034,0.8503311258278146,0.9828995157384988,0.7417677642980935,0.9747495591490638,0.7923480407281703
445,0.19188155233860016,0.9631068110466003,0.967549866031557,0.85704831237591,0.9836561743341404,0.7481224725592144,0.9755365450998048,0.7988895743368292
446,0.2155640870332718,0.9572815299034119,0.9674385756235364,0.8645937813440321,0.9846776634382567,0.7469670710571924,0.9759820005624824,0.801487680148768
447,0.21306012570858002,0.9592233300209045,0.9667867890180927,0.8626133691635876,0.9845263317191283,0.7417677642980935,0.9755759245721569,0.7976393849976704
448,0.21390441060066223,0.9708737730979919,0.9684930997284529,0.8684822318166722,0.9850181598062954,0.7553437319468516,0.9766857357216543,0.8079715742314227
449,0.1780083328485489,0.968932032585144,0.9681889294494525,0.8556430446194225,0.9833535108958837,0.7533217793183131,0.9757123015128195,0.8012288786482336
450,0.24333681166172028,0.9669902920722961,0.9675950123198686,0.8346203346203346,0.9805538740920097,0.7492778740612362,0.974031342778759,0.7896499238964992
451,0.18946871161460876,0.9708737730979919,0.9636929460580913,0.8552722260509993,0.9841101694915254,0.7169266320046216,0.9737945492662474,0.7800125707102451
452,0.2636806070804596,0.9514563083648682,0.9626223672500741,0.8386876281613124,0.9821428571428571,0.708838821490468,0.9722846441947566,0.7683155917345023
453,0.22067172825336456,0.9650485515594482,0.9660726907481121,0.846332558911384,0.9824833535108959,0.7365684575389948,0.9742089171496633,0.7876447876447875
454,0.18849492073059082,0.9669902920722961,0.9661464139725009,0.8548927613941019,0.9836183414043583,0.7368573079145003,0.9748040943346705,0.7914986037852932
455,0.22978746891021729,0.9592233300209045,0.9656719184430028,0.868790681740322,0.9855099878934624,0.7325245522819179,0.9754901042934446,0.7948597398526878
456,13.826394081115723,0.9456310868263245,0.9662950672980127,0.8324113244386593,0.9805160411622276,0.7388792605430387,0.9733536138809081,0.7828615149196633
457,0.3097674250602722,0.9650485515594482,0.965108501783591,0.8460764587525151,0.9826346852300242,0.7287694974003466,0.9737927414517096,0.7830540037243948
458,0.23043039441108704,0.9650485515594482,0.9668703883133338,0.8408496732026144,0.9815753631961259,0.743212016175621,0.9741673863252356,0.7890217724624349
459,0.24416980147361755,0.9611650705337524,0.9670141474311243,0.8490441661173368,0.9826725181598063,0.7440785673021375,0.9747804548525107,0.7931034482758621
460,0.20080222189426422,0.9747572541236877,0.9678418205558664,0.8416963418582065,0.9814996973365617,0.7510109763142692,0.9746229126359488,0.7937719432147763
461,0.17033998668193817,0.9708737730979919,0.96454822184275,0.8481055480378891,0.9830130145278451,0.7241478913922588,0.9736930860033728,0.7812402617637895
462,0.23357176780700684,0.9592233300209045,0.9666828159356017,0.8389415223783078,0.9813483656174334,0.7417677642980935,0.9739603867455178,0.7873677755633911
463,0.20474563539028168,0.9572815299034119,0.9670153156518491,0.8255441741357235,0.9793810532687651,0.744945118428654,0.9731589038006091,0.7831764348618281
464,0.2327321171760559,0.9708737730979919,0.9671576285055419,0.8573803191489362,0.9837696731234867,0.744945118428654,0.9753929254660716,0.7972179289026275
465,0.2007399946451187,0.9592233300209045,0.9667038690476191,0.851692103516921,0.9830886803874092,0.7414789139225881,0.974827430972389,0.7927733168622606
466,0.20410767197608948,0.9669902920722961,0.9681514393458537,0.8386370941819351,0.9810078692493946,0.7536106296938186,0.9745372545334962,0.7938536436938993
467,0.18625298142433167,0.9650485515594482,0.9670887967425007,0.82592,0.9794188861985472,0.7455228191796649,0.9732147891956918,0.7836647942917869
468,0.24094684422016144,0.968932032585144,0.9659006395954187,0.8477681545636242,0.9827103510895884,0.7351242056614674,0.9742329907733853,0.7874381188118811
469,0.19228999316692352,0.968932032585144,0.9649558703552622,0.8596311475409836,0.9844506658595642,0.7270363951473137,0.9746057904790442,0.787793427230047
470,0.18360482156276703,0.9728155136108398,0.966726217061188,0.8486450760079313,0.9826725181598063,0.7417677642980935,0.9746341463414634,0.7916152897657212
471,0.18741373717784882,0.9650485515594482,0.9671655126200581,0.8509234828496042,0.9828995157384988,0.7452339688041595,0.9749690396667543,0.7945796119494919
472,0.18998457491397858,0.9669902920722961,0.969039092808117,0.8528839922229423,0.9828238498789347,0.7602541883304448,0.9758827948910592,0.803909590714722
473,0.14241978526115417,0.9766990542411804,0.9666703823431055,0.8604495135860449,0.9842615012106537,0.7409012131715771,0.9753866341737744,0.7962129442806146
474,0.1865067481994629,0.9650485515594482,0.9693386549293148,0.8557536466774717,0.9831643462469734,0.7625649913344887,0.9762025506658403,0.8064762486635099
475,0.182254821062088,0.9669902920722961,0.9677671202319875,0.8661548731642189,0.984828995157385,0.7495667244367418,0.976223513969623,0.80365438216166
476,0.19477508962154388,0.9650485515594482,0.9682905951096059,0.8628099173553719,0.9842993341404358,0.7538994800693241,0.976229339036791,0.8046862956682596
477,0.1743636280298233,0.9747572541236877,0.9673896839594514,0.8448726322664925,0.9820293583535109,0.7472559214326978,0.974654550916191,0.7930717351318209
478,0.17615143954753876,0.9708737730979919,0.9657028321146208,0.8594649508973925,0.9842993341404358,0.733102253032929,0.9749124088958837,0.7912704598597039
479,0.1436237245798111,0.9766990542411804,0.9672033614695273,0.8597134288570476,0.9840723365617433,0.7452339688041595,0.9755649320206282,0.798390840167105
480,0.22776100039482117,0.9572815299034119,0.9692181560706566,0.8614379084967321,0.9839588377723971,0.7614095898324668,0.9765328727518493,0.8083409996933455
481,0.1661124974489212,0.9728155136108398,0.9670440157890817,0.8476973684210526,0.9824833535108959,0.744367417677643,0.9747025485118043,0.7926791756382651
482,0.21380598843097687,0.9611650705337524,0.9666443800609167,0.8627187079407806,0.9845641646489104,0.7406123627960717,0.975521985230723,0.7970158532794529
483,0.1934385448694229,0.9650485515594482,0.9662401611519379,0.8283122772918692,0.9799485472154964,0.7385904101675332,0.9730460752455906,0.780882577492747
484,0.1909583956003189,0.9631068110466003,0.965322430774949,0.8461023753763801,0.9825968523002422,0.7305025996533796,0.9738830455406192,0.7840644861261821
485,0.18538349866867065,0.9669902920722961,0.966219739292365,0.8393561103810775,0.9814996973365617,0.7380127094165222,0.9737997822904545,0.7854288349216108
486,0.2959945797920227,0.9592233300209045,0.9625143961065498,0.8239838763856231,0.9801755447941889,0.7085499711149624,0.9712646909970196,0.7619195527255783
487,0.2215953916311264,0.9631068110466003,0.966017251635931,0.8498999332888593,0.982975181598063,0.7359907567879839,0.9744224422442244,0.7888544891640866
488,0.19762149453163147,0.9728155136108398,0.9658538395872769,0.8614029142663504,0.9845263317191283,0.7342576545349508,0.9751007025761125,0.7927646967098082
489,0.2373647391796112,0.9650485515594482,0.9669569100245591,0.8523178807947019,0.9831265133171913,0.7435008665511266,0.9749746745206919,0.7941993211971614
490,0.18722738325595856,0.9747572541236877,0.967267323054059,0.8663981201745552,0.9849424939467313,0.7455228191796649,0.9760248936210095,0.8014283496351498
491,0.21523571014404297,0.9650485515594482,0.9643849831375311,0.8591549295774648,0.9844884987893463,0.7224147891392259,0.974333052513339,0.7848736858622313
492,0.19477969408035278,0.968932032585144,0.9678722369749785,0.824516946468166,0.9790405569007264,0.7518775274407856,0.9734243638210236,0.7865236440549932
493,0.20685821771621704,0.968932032585144,0.9681770755701297,0.8528449967298888,0.982975181598063,0.7533217793183131,0.975520012014718,0.7999999999999999
494,0.19344587624073029,0.968932032585144,0.9688198480107286,0.860655737704918,0.983921004842615,0.7582322357019065,0.9763120354380959,0.8062039312039312
495,0.17504116892814636,0.9728155136108398,0.9690917914069207,0.8483091787439614,0.9821806900726392,0.7608318890814558,0.9755923413690085,0.8021927820922796
496,0.2255510538816452,0.9650485515594482,0.9669356938297319,0.8556701030927835,0.9835805084745762,0.743212016175621,0.9751870815281607,0.795486164785902
497,0.19274403154850006,0.968932032585144,0.9687534873340029,0.8708070408502159,0.98528299031477,0.75736568457539,0.976948325987058,0.8101344044492508
498,0.2112278789281845,0.968932032585144,0.9691424738195505,0.8605031035609279,0.9838453389830508,0.7608318890814558,0.9764385619074438,0.8076038632531044
499,0.2151232212781906,0.9631068110466003,0.9679520583637311,0.8589828269484808,0.9838453389830508,0.7512998266897747,0.9758339900183872,0.8015408320493066
500,0.2280808687210083,0.9611650705337524,0.9682043262965859,0.8593080724876442,0.9838453389830508,0.7533217793183131,0.9759621699724156,0.8028320763429274
501,0.22076450288295746,0.9611650705337524,0.9684155572957452,0.8498537536561586,0.982521186440678,0.7553437319468516,0.975417378730117,0.7998164857011775
